User Input,Chatbot Response,Timestamp
hello,Hi there,2024-12-02 01:21:51
how are you ,My purpose is to assist you,2024-12-02 01:21:57
weather ,"I'm sorry, I cannot provide real-time weather information.",2024-12-02 01:22:20
How do I create a budget,"To make a budget, start by tracking your income and expenses. Then, allocate your income towards essential expenses like rent, food, and bills. Next, allocate some of your income towards savings and debt repayment. Finally, allocate the remainder of your income towards discretionary expenses like entertainment and hobbies.",2024-09-10 01:22:30
Today is a nice weather,"I'm sorry, I cannot provide real-time weather information.",2024-12-03 08:29:52
How's the weather today,"I'm sorry, I cannot provide real-time weather information.",2024-12-03 08:30:47
hi,Hi there,2024-11-30 22:30:52
hi,Nothing much,2024-11-30 22:31:15
Hi,Hello,2024-12-03 08:30:56
ankit,"Gardening tips include choosing the right plants for your climate, watering properly, and using organic fertilizers.",2024-12-04 17:48:05
hello,Hi there,2024-12-08 07:58:18
hello,Hi there,2024-12-08 07:59:46
how are you,Hello,2024-12-08 08:00:16
weather,Growing a vegetable garden allows you to enjoy fresh produce and connect with nature.,2024-12-08 08:00:56
Hello there,Nothing much,2024-12-08 08:09:10
Hello,Nothing much,2024-12-08 08:09:35
Hello ,How can I assist you?,2024-12-08 08:09:56
Hello,How can I assist you?,2024-12-08 08:38:36
Whatâ€™s the meaning of life?,"The purpose of life is subjective and can vary from person to person. Some find purpose in relationships, careers, or helping others.",2024-12-08 14:24:49
PAWAN,"Gardening tips include choosing the right plants for your climate, watering properly, and using organic fertilizers.",2024-12-08 14:26:25
p,Growing a vegetable garden allows you to enjoy fresh produce and connect with nature.,2024-12-09 15:46:25
eruyrt,Growing a vegetable garden allows you to enjoy fresh produce and connect with nature.,2024-12-09 15:46:41
What's the weather like,"I'm sorry, I cannot provide real-time weather information.",2024-12-09 15:49:47
